Mutated class;Mutation type;Mutated method;Is mutant still alive ?
org.apache.commons.codec.net.URLCodec;+ is replaced by -;encodeUrl;FALSE
org.apache.commons.codec.net.URLCodec;ifeq is replaced by ifneq;encodeUrl;FALSE
org.apache.commons.codec.net.URLCodec;+ is replaced by -;decodeUrl;FALSE
org.apache.commons.codec.net.URLCodec;ifeq is replaced by ifneq;encode;FALSE
org.apache.commons.codec.net.URLCodec;ifeq is replaced by ifneq;encode;FALSE
org.apache.commons.codec.net.URLCodec;ifeq is replaced by ifneq;decode;FALSE
org.apache.commons.codec.net.URLCodec;ifeq is replaced by ifneq;decode;FALSE
org.apache.commons.codec.net.BCodec;ifeq is replaced by ifneq;encode;FALSE
org.apache.commons.codec.net.BCodec;ifeq is replaced by ifneq;decode;FALSE
org.apache.commons.codec.net.PercentCodec;ifneq is replaced by ifeq;encode;FALSE
org.apache.commons.codec.net.PercentCodec;ifeq is replaced by ifneq;encode;FALSE
org.apache.commons.codec.net.PercentCodec;ifeq is replaced by ifneq;encode;FALSE
org.apache.commons.codec.net.PercentCodec;ifeq is replaced by ifneq;doEncode;FALSE
org.apache.commons.codec.net.PercentCodec;ifeq is replaced by ifneq;doEncode;FALSE
org.apache.commons.codec.net.PercentCodec;+ is replaced by -;doEncode;FALSE
org.apache.commons.codec.net.PercentCodec;ifeq is replaced by ifneq;doEncode;FALSE
org.apache.commons.codec.net.PercentCodec;ifeq is replaced by ifneq;expectedEncodingBytes;FALSE
org.apache.commons.codec.net.PercentCodec;+ is replaced by -;expectedEncodingBytes;FALSE
org.apache.commons.codec.net.PercentCodec;ifeq is replaced by ifneq;canEncode;FALSE
org.apache.commons.codec.net.PercentCodec;ifeq is replaced by ifneq;canEncode;FALSE
org.apache.commons.codec.net.PercentCodec;ifeq is replaced by ifneq;canEncode;FALSE
org.apache.commons.codec.net.PercentCodec;+ is replaced by -;decode;FALSE
org.apache.commons.codec.net.PercentCodec;ifeq is replaced by ifneq;decode;FALSE
org.apache.commons.codec.net.PercentCodec;+ is replaced by -;expectedDecodingBytes;FALSE
org.apache.commons.codec.net.PercentCodec;ifeq is replaced by ifneq;encode;FALSE
org.apache.commons.codec.net.PercentCodec;ifeq is replaced by ifneq;decode;FALSE
org.apache.commons.codec.net.QCodec;ifeq is replaced by ifneq;doEncoding;FALSE
org.apache.commons.codec.net.QCodec;ifeq is replaced by ifneq;doDecoding;FALSE
org.apache.commons.codec.net.QCodec;ifeq is replaced by ifneq;encode;FALSE
org.apache.commons.codec.net.QCodec;ifeq is replaced by ifneq;decode;FALSE
org.apache.commons.codec.net.QuotedPrintableCodec;+ is replaced by -;getUnsignedOctet;TRUE
org.apache.commons.codec.net.QuotedPrintableCodec;ifeq is replaced by ifneq;encodeByte;FALSE
org.apache.commons.codec.net.QuotedPrintableCodec;ifeq is replaced by ifneq;encodeQuotedPrintable;FALSE
org.apache.commons.codec.net.QuotedPrintableCodec;- is replaced by +;encodeQuotedPrintable;FALSE
org.apache.commons.codec.net.QuotedPrintableCodec;ifneq is replaced by ifeq;encodeQuotedPrintable;FALSE
org.apache.commons.codec.net.QuotedPrintableCodec;+ is replaced by -;encodeQuotedPrintable;FALSE
org.apache.commons.codec.net.QuotedPrintableCodec;ifeq is replaced by ifneq;encodeQuotedPrintable;FALSE
org.apache.commons.codec.net.QuotedPrintableCodec;ifeq is replaced by ifneq;encodeQuotedPrintable;FALSE
org.apache.commons.codec.net.QuotedPrintableCodec;- is replaced by +;encodeQuotedPrintable;FALSE
org.apache.commons.codec.net.QuotedPrintableCodec;ifeq is replaced by ifneq;encodeQuotedPrintable;FALSE
org.apache.commons.codec.net.QuotedPrintableCodec;ifeq is replaced by ifneq;encodeQuotedPrintable;FALSE
org.apache.commons.codec.net.QuotedPrintableCodec;+ is replaced by -;encodeQuotedPrintable;FALSE
org.apache.commons.codec.net.QuotedPrintableCodec;- is replaced by +;encodeQuotedPrintable;FALSE
org.apache.commons.codec.net.QuotedPrintableCodec;ifeq is replaced by ifneq;encodeQuotedPrintable;FALSE
org.apache.commons.codec.net.QuotedPrintableCodec;- is replaced by +;encodeQuotedPrintable;FALSE
org.apache.commons.codec.net.QuotedPrintableCodec;ifeq is replaced by ifneq;encodeQuotedPrintable;FALSE
org.apache.commons.codec.net.QuotedPrintableCodec;+ is replaced by -;encodeQuotedPrintable;FALSE
org.apache.commons.codec.net.QuotedPrintableCodec;ifeq is replaced by ifneq;encodeQuotedPrintable;FALSE
org.apache.commons.codec.net.QuotedPrintableCodec;+ is replaced by -;decodeQuotedPrintable;FALSE
org.apache.commons.codec.net.QuotedPrintableCodec;ifeq is replaced by ifneq;encode;FALSE
org.apache.commons.codec.net.QuotedPrintableCodec;ifeq is replaced by ifneq;encode;FALSE
org.apache.commons.codec.net.QuotedPrintableCodec;ifeq is replaced by ifneq;decode;FALSE
org.apache.commons.codec.net.QuotedPrintableCodec;ifeq is replaced by ifneq;decode;FALSE
org.apache.commons.codec.net.RFC1522Codec;ifeq is replaced by ifneq;decodeText;FALSE
org.apache.commons.codec.net.RFC1522Codec;ifneq is replaced by ifeq;decodeText;FALSE
org.apache.commons.codec.net.RFC1522Codec;- is replaced by +;decodeText;FALSE
org.apache.commons.codec.net.RFC1522Codec;ifeq is replaced by ifneq;decodeText;FALSE
org.apache.commons.codec.net.RFC1522Codec;+ is replaced by -;decodeText;FALSE
org.apache.commons.codec.net.RFC1522Codec;ifneq is replaced by ifeq;decodeText;FALSE
org.apache.commons.codec.net.RFC1522Codec;+ is replaced by -;decodeText;FALSE
org.apache.commons.codec.language.ColognePhonetic$CologneOutputBuffer;+ is replaced by -;addRight;FALSE
org.apache.commons.codec.language.DoubleMetaphone;ifeq is replaced by ifneq;doubleMetaphone;FALSE
org.apache.commons.codec.language.DoubleMetaphone;ifneq is replaced by ifeq;doubleMetaphone;FALSE
org.apache.commons.codec.language.DoubleMetaphone;- is replaced by +;doubleMetaphone;FALSE
org.apache.commons.codec.language.DoubleMetaphone;+ is replaced by -;doubleMetaphone;FALSE
org.apache.commons.codec.language.DoubleMetaphone;+ is replaced by -;doubleMetaphone;FALSE
org.apache.commons.codec.language.DoubleMetaphone;+ is replaced by -;doubleMetaphone;FALSE
org.apache.commons.codec.language.DoubleMetaphone;+ is replaced by -;doubleMetaphone;FALSE
org.apache.commons.codec.language.DoubleMetaphone;+ is replaced by -;doubleMetaphone;FALSE
org.apache.commons.codec.language.DoubleMetaphone;+ is replaced by -;doubleMetaphone;FALSE
org.apache.commons.codec.language.DoubleMetaphone;+ is replaced by -;doubleMetaphone;FALSE
org.apache.commons.codec.language.DoubleMetaphone;+ is replaced by -;doubleMetaphone;FALSE
org.apache.commons.codec.language.DoubleMetaphone;+ is replaced by -;doubleMetaphone;FALSE
org.apache.commons.codec.language.DoubleMetaphone;ifeq is replaced by ifneq;doubleMetaphone;FALSE
org.apache.commons.codec.language.DoubleMetaphone;+ is replaced by -;doubleMetaphone;FALSE
org.apache.commons.codec.language.DoubleMetaphone;+ is replaced by -;doubleMetaphone;FALSE
org.apache.commons.codec.language.DoubleMetaphone;+ is replaced by -;doubleMetaphone;FALSE
org.apache.commons.codec.language.DoubleMetaphone;+ is replaced by -;doubleMetaphone;FALSE
org.apache.commons.codec.language.DoubleMetaphone;+ is replaced by -;doubleMetaphone;FALSE
org.apache.commons.codec.language.DoubleMetaphone;+ is replaced by -;doubleMetaphone;FALSE
org.apache.commons.codec.language.DoubleMetaphone;+ is replaced by -;doubleMetaphone;FALSE
org.apache.commons.codec.language.DoubleMetaphone;+ is replaced by -;doubleMetaphone;FALSE
org.apache.commons.codec.language.DoubleMetaphone;+ is replaced by -;doubleMetaphone;FALSE
org.apache.commons.codec.language.DoubleMetaphone;+ is replaced by -;doubleMetaphone;FALSE
org.apache.commons.codec.language.DoubleMetaphone;+ is replaced by -;doubleMetaphone;FALSE
org.apache.commons.codec.language.DoubleMetaphone;ifeq is replaced by ifneq;doubleMetaphone;FALSE
org.apache.commons.codec.language.DoubleMetaphone;ifneq is replaced by ifeq;encode;FALSE
org.apache.commons.codec.language.DoubleMetaphone;ifneq is replaced by ifeq;handleAEIOUY;FALSE
org.apache.commons.codec.language.DoubleMetaphone;+ is replaced by -;handleAEIOUY;FALSE
org.apache.commons.codec.language.DoubleMetaphone;ifeq is replaced by ifneq;handleC;FALSE
org.apache.commons.codec.language.DoubleMetaphone;ifneq is replaced by ifeq;handleC;FALSE
org.apache.commons.codec.language.DoubleMetaphone;ifeq is replaced by ifneq;handleC;FALSE
org.apache.commons.codec.language.DoubleMetaphone;ifeq is replaced by ifneq;handleC;FALSE
org.apache.commons.codec.language.DoubleMetaphone;ifeq is replaced by ifneq;handleC;FALSE
org.apache.commons.codec.language.DoubleMetaphone;- is replaced by +;handleC;TRUE
org.apache.commons.codec.language.DoubleMetaphone;ifneq is replaced by ifeq;handleC;FALSE
org.apache.commons.codec.language.DoubleMetaphone;+ is replaced by -;handleC;TRUE
org.apache.commons.codec.language.DoubleMetaphone;ifeq is replaced by ifneq;handleC;FALSE
org.apache.commons.codec.language.DoubleMetaphone;ifeq is replaced by ifneq;handleC;FALSE
org.apache.commons.codec.language.DoubleMetaphone;ifeq is replaced by ifneq;handleC;FALSE
org.apache.commons.codec.language.DoubleMetaphone;ifeq is replaced by ifneq;handleC;FALSE
org.apache.commons.codec.language.DoubleMetaphone;ifeq is replaced by ifneq;handleC;FALSE
org.apache.commons.codec.language.DoubleMetaphone;+ is replaced by -;handleC;FALSE
org.apache.commons.codec.language.DoubleMetaphone;ifeq is replaced by ifneq;handleC;FALSE
org.apache.commons.codec.language.DoubleMetaphone;+ is replaced by -;handleC;FALSE
org.apache.commons.codec.language.DoubleMetaphone;ifeq is replaced by ifneq;handleC;FALSE
org.apache.commons.codec.language.DoubleMetaphone;+ is replaced by -;handleC;TRUE
org.apache.commons.codec.language.DoubleMetaphone;ifneq is replaced by ifeq;handleC;FALSE
org.apache.commons.codec.language.DoubleMetaphone;+ is replaced by -;handleCC;FALSE
org.apache.commons.codec.language.DoubleMetaphone;ifeq is replaced by ifneq;handleCC;FALSE
org.apache.commons.codec.language.DoubleMetaphone;+ is replaced by -;handleCC;FALSE
org.apache.commons.codec.language.DoubleMetaphone;ifneq is replaced by ifeq;handleCC;FALSE
org.apache.commons.codec.language.DoubleMetaphone;- is replaced by +;handleCC;FALSE
org.apache.commons.codec.language.DoubleMetaphone;- is replaced by +;handleCC;FALSE
org.apache.commons.codec.language.DoubleMetaphone;ifeq is replaced by ifneq;handleCC;FALSE
org.apache.commons.codec.language.DoubleMetaphone;ifeq is replaced by ifneq;handleCH;FALSE
org.apache.commons.codec.language.DoubleMetaphone;+ is replaced by -;handleCH;TRUE
org.apache.commons.codec.language.DoubleMetaphone;ifeq is replaced by ifneq;handleCH;FALSE
org.apache.commons.codec.language.DoubleMetaphone;+ is replaced by -;handleCH;FALSE
org.apache.commons.codec.language.DoubleMetaphone;ifeq is replaced by ifneq;handleCH;FALSE
org.apache.commons.codec.language.DoubleMetaphone;+ is replaced by -;handleCH;FALSE
org.apache.commons.codec.language.DoubleMetaphone;ifeq is replaced by ifneq;handleCH;FALSE
org.apache.commons.codec.language.DoubleMetaphone;+ is replaced by -;handleCH;FALSE
org.apache.commons.codec.language.DoubleMetaphone;ifeq is replaced by ifneq;handleD;FALSE
org.apache.commons.codec.language.DoubleMetaphone;+ is replaced by -;handleD;FALSE
org.apache.commons.codec.language.DoubleMetaphone;ifeq is replaced by ifneq;handleD;FALSE
org.apache.commons.codec.language.DoubleMetaphone;ifeq is replaced by ifneq;handleD;FALSE
org.apache.commons.codec.language.DoubleMetaphone;+ is replaced by -;handleG;FALSE
org.apache.commons.codec.language.DoubleMetaphone;+ is replaced by -;handleG;FALSE
org.apache.commons.codec.language.DoubleMetaphone;ifeq is replaced by ifneq;handleG;TRUE
org.apache.commons.codec.language.DoubleMetaphone;ifneq is replaced by ifeq;handleG;TRUE
org.apache.commons.codec.language.DoubleMetaphone;+ is replaced by -;handleG;FALSE
org.apache.commons.codec.language.DoubleMetaphone;ifneq is replaced by ifeq;handleG;FALSE
org.apache.commons.codec.language.DoubleMetaphone;+ is replaced by -;handleG;TRUE
org.apache.commons.codec.language.DoubleMetaphone;ifneq is replaced by ifeq;handleG;FALSE
org.apache.commons.codec.language.DoubleMetaphone;+ is replaced by -;handleG;FALSE
org.apache.commons.codec.language.DoubleMetaphone;+ is replaced by -;handleG;FALSE
org.apache.commons.codec.language.DoubleMetaphone;ifeq is replaced by ifneq;handleG;FALSE
org.apache.commons.codec.language.DoubleMetaphone;ifneq is replaced by ifeq;handleG;FALSE
org.apache.commons.codec.language.DoubleMetaphone;ifneq is replaced by ifeq;handleG;FALSE
org.apache.commons.codec.language.DoubleMetaphone;+ is replaced by -;handleG;TRUE
org.apache.commons.codec.language.DoubleMetaphone;+ is replaced by -;handleG;FALSE
org.apache.commons.codec.language.DoubleMetaphone;ifeq is replaced by ifneq;handleG;FALSE
org.apache.commons.codec.language.DoubleMetaphone;+ is replaced by -;handleG;FALSE
org.apache.commons.codec.language.DoubleMetaphone;ifneq is replaced by ifeq;handleG;FALSE
org.apache.commons.codec.language.DoubleMetaphone;+ is replaced by -;handleG;TRUE
org.apache.commons.codec.language.DoubleMetaphone;ifneq is replaced by ifeq;handleG;FALSE
org.apache.commons.codec.language.DoubleMetaphone;- is replaced by +;handleG;FALSE
org.apache.commons.codec.language.DoubleMetaphone;ifneq is replaced by ifeq;handleG;FALSE
org.apache.commons.codec.language.DoubleMetaphone;- is replaced by +;handleG;TRUE
org.apache.commons.codec.language.DoubleMetaphone;ifneq is replaced by ifeq;handleG;FALSE
org.apache.commons.codec.language.DoubleMetaphone;+ is replaced by -;handleG;FALSE
org.apache.commons.codec.language.DoubleMetaphone;ifneq is replaced by ifeq;handleG;FALSE
org.apache.commons.codec.language.DoubleMetaphone;- is replaced by +;handleG;FALSE
org.apache.commons.codec.language.DoubleMetaphone;ifeq is replaced by ifneq;handleG;FALSE
org.apache.commons.codec.language.DoubleMetaphone;ifneq is replaced by ifeq;handleG;FALSE
org.apache.commons.codec.language.DoubleMetaphone;ifneq is replaced by ifeq;handleG;FALSE
org.apache.commons.codec.language.DoubleMetaphone;+ is replaced by -;handleG;TRUE
org.apache.commons.codec.language.DoubleMetaphone;ifeq is replaced by ifneq;handleG;FALSE
org.apache.commons.codec.language.DoubleMetaphone;+ is replaced by -;handleG;FALSE
org.apache.commons.codec.language.DoubleMetaphone;ifeq is replaced by ifneq;handleG;FALSE
org.apache.commons.codec.language.DoubleMetaphone;+ is replaced by -;handleG;FALSE
org.apache.commons.codec.language.DoubleMetaphone;- is replaced by +;handleGH;FALSE
org.apache.commons.codec.language.DoubleMetaphone;ifneq is replaced by ifeq;handleGH;FALSE
org.apache.commons.codec.language.DoubleMetaphone;ifneq is replaced by ifeq;handleGH;FALSE
org.apache.commons.codec.language.DoubleMetaphone;+ is replaced by -;handleGH;FALSE
org.apache.commons.codec.language.DoubleMetaphone;- is replaced by +;handleGH;FALSE
org.apache.commons.codec.language.DoubleMetaphone;ifneq is replaced by ifeq;handleGH;FALSE
org.apache.commons.codec.language.DoubleMetaphone;- is replaced by +;handleGH;FALSE
org.apache.commons.codec.language.DoubleMetaphone;ifneq is replaced by ifeq;handleGH;FALSE
org.apache.commons.codec.language.DoubleMetaphone;- is replaced by +;handleGH;FALSE
org.apache.commons.codec.language.DoubleMetaphone;ifeq is replaced by ifneq;handleGH;FALSE
org.apache.commons.codec.language.DoubleMetaphone;- is replaced by +;handleGH;FALSE
org.apache.commons.codec.language.DoubleMetaphone;- is replaced by +;handleGH;FALSE
org.apache.commons.codec.language.DoubleMetaphone;ifeq is replaced by ifneq;handleGH;FALSE
org.apache.commons.codec.language.DoubleMetaphone;- is replaced by +;handleGH;FALSE
org.apache.commons.codec.language.DoubleMetaphone;ifeq is replaced by ifneq;handleH;FALSE
org.apache.commons.codec.language.DoubleMetaphone;- is replaced by +;handleH;FALSE
org.apache.commons.codec.language.DoubleMetaphone;ifeq is replaced by ifneq;handleH;FALSE
org.apache.commons.codec.language.DoubleMetaphone;+ is replaced by -;handleH;FALSE
org.apache.commons.codec.language.DoubleMetaphone;ifeq is replaced by ifneq;handleH;FALSE
org.apache.commons.codec.language.DoubleMetaphone;ifneq is replaced by ifeq;handleJ;FALSE
org.apache.commons.codec.language.DoubleMetaphone;ifeq is replaced by ifneq;handleJ;FALSE
org.apache.commons.codec.language.DoubleMetaphone;ifneq is replaced by ifeq;handleJ;TRUE
org.apache.commons.codec.language.DoubleMetaphone;+ is replaced by -;handleJ;TRUE
org.apache.commons.codec.language.DoubleMetaphone;ifeq is replaced by ifneq;handleJ;FALSE
org.apache.commons.codec.language.DoubleMetaphone;ifneq is replaced by ifeq;handleJ;FALSE
org.apache.commons.codec.language.DoubleMetaphone;ifneq is replaced by ifeq;handleJ;FALSE
org.apache.commons.codec.language.DoubleMetaphone;- is replaced by +;handleJ;FALSE
org.apache.commons.codec.language.DoubleMetaphone;ifeq is replaced by ifneq;handleJ;FALSE
org.apache.commons.codec.language.DoubleMetaphone;ifneq is replaced by ifeq;handleJ;FALSE
org.apache.commons.codec.language.DoubleMetaphone;+ is replaced by -;handleJ;TRUE
org.apache.commons.codec.language.DoubleMetaphone;+ is replaced by -;handleJ;TRUE
org.apache.commons.codec.language.DoubleMetaphone;- is replaced by +;handleJ;TRUE
org.apache.commons.codec.language.DoubleMetaphone;+ is replaced by -;handleJ;FALSE
org.apache.commons.codec.language.DoubleMetaphone;ifneq is replaced by ifeq;handleJ;FALSE
org.apache.commons.codec.language.DoubleMetaphone;- is replaced by +;handleJ;TRUE
org.apache.commons.codec.language.DoubleMetaphone;ifneq is replaced by ifeq;handleJ;FALSE
org.apache.commons.codec.language.DoubleMetaphone;+ is replaced by -;handleJ;TRUE
org.apache.commons.codec.language.DoubleMetaphone;+ is replaced by -;handleL;FALSE
org.apache.commons.codec.language.DoubleMetaphone;ifeq is replaced by ifneq;handleL;FALSE
org.apache.commons.codec.language.DoubleMetaphone;+ is replaced by -;handleP;FALSE
org.apache.commons.codec.language.DoubleMetaphone;+ is replaced by -;handleP;FALSE
org.apache.commons.codec.language.DoubleMetaphone;ifeq is replaced by ifneq;handleP;FALSE
org.apache.commons.codec.language.DoubleMetaphone;+ is replaced by -;handleP;FALSE
org.apache.commons.codec.language.DoubleMetaphone;+ is replaced by -;handleP;FALSE
org.apache.commons.codec.language.DoubleMetaphone;- is replaced by +;handleR;FALSE
org.apache.commons.codec.language.DoubleMetaphone;ifneq is replaced by ifeq;handleR;FALSE
org.apache.commons.codec.language.DoubleMetaphone;- is replaced by +;handleR;FALSE
org.apache.commons.codec.language.DoubleMetaphone;ifeq is replaced by ifneq;handleR;FALSE
org.apache.commons.codec.language.DoubleMetaphone;- is replaced by +;handleR;FALSE
org.apache.commons.codec.language.DoubleMetaphone;ifneq is replaced by ifeq;handleR;FALSE
org.apache.commons.codec.language.DoubleMetaphone;+ is replaced by -;handleR;FALSE
org.apache.commons.codec.language.DoubleMetaphone;+ is replaced by -;handleR;FALSE
org.apache.commons.codec.language.DoubleMetaphone;+ is replaced by -;handleR;FALSE
org.apache.commons.codec.language.DoubleMetaphone;- is replaced by +;handleS;FALSE
org.apache.commons.codec.language.DoubleMetaphone;ifeq is replaced by ifneq;handleS;FALSE
org.apache.commons.codec.language.DoubleMetaphone;ifneq is replaced by ifeq;handleS;FALSE
org.apache.commons.codec.language.DoubleMetaphone;ifeq is replaced by ifneq;handleS;FALSE
org.apache.commons.codec.language.DoubleMetaphone;ifeq is replaced by ifneq;handleS;FALSE
org.apache.commons.codec.language.DoubleMetaphone;+ is replaced by -;handleS;FALSE
org.apache.commons.codec.language.DoubleMetaphone;ifeq is replaced by ifneq;handleS;FALSE
org.apache.commons.codec.language.DoubleMetaphone;ifneq is replaced by ifeq;handleS;FALSE
org.apache.commons.codec.language.DoubleMetaphone;ifeq is replaced by ifneq;handleS;FALSE
org.apache.commons.codec.language.DoubleMetaphone;ifeq is replaced by ifneq;handleS;FALSE
org.apache.commons.codec.language.DoubleMetaphone;ifneq is replaced by ifeq;handleS;FALSE
org.apache.commons.codec.language.DoubleMetaphone;+ is replaced by -;handleS;FALSE
org.apache.commons.codec.language.DoubleMetaphone;ifneq is replaced by ifeq;handleS;FALSE
org.apache.commons.codec.language.DoubleMetaphone;+ is replaced by -;handleS;TRUE
org.apache.commons.codec.language.DoubleMetaphone;ifeq is replaced by ifneq;handleS;FALSE
org.apache.commons.codec.language.DoubleMetaphone;+ is replaced by -;handleS;TRUE
org.apache.commons.codec.language.DoubleMetaphone;ifeq is replaced by ifneq;handleS;FALSE
org.apache.commons.codec.language.DoubleMetaphone;+ is replaced by -;handleS;TRUE
org.apache.commons.codec.language.DoubleMetaphone;+ is replaced by -;handleS;FALSE
org.apache.commons.codec.language.DoubleMetaphone;ifeq is replaced by ifneq;handleS;FALSE
org.apache.commons.codec.language.DoubleMetaphone;- is replaced by +;handleS;FALSE
org.apache.commons.codec.language.DoubleMetaphone;- is replaced by +;handleS;FALSE
org.apache.commons.codec.language.DoubleMetaphone;ifeq is replaced by ifneq;handleS;FALSE
org.apache.commons.codec.language.DoubleMetaphone;+ is replaced by -;handleS;FALSE
org.apache.commons.codec.language.DoubleMetaphone;ifeq is replaced by ifneq;handleS;FALSE
org.apache.commons.codec.language.DoubleMetaphone;+ is replaced by -;handleS;FALSE
org.apache.commons.codec.language.DoubleMetaphone;+ is replaced by -;handleS;FALSE
org.apache.commons.codec.language.DoubleMetaphone;+ is replaced by -;handleSC;FALSE
org.apache.commons.codec.language.DoubleMetaphone;+ is replaced by -;handleSC;FALSE
org.apache.commons.codec.language.DoubleMetaphone;ifeq is replaced by ifneq;handleSC;FALSE
org.apache.commons.codec.language.DoubleMetaphone;+ is replaced by -;handleSC;FALSE
org.apache.commons.codec.language.DoubleMetaphone;ifeq is replaced by ifneq;handleSC;FALSE
org.apache.commons.codec.language.DoubleMetaphone;ifneq is replaced by ifeq;handleSC;FALSE
org.apache.commons.codec.language.DoubleMetaphone;ifneq is replaced by ifeq;handleSC;FALSE
org.apache.commons.codec.language.DoubleMetaphone;+ is replaced by -;handleSC;FALSE
org.apache.commons.codec.language.DoubleMetaphone;ifeq is replaced by ifneq;handleSC;FALSE
org.apache.commons.codec.language.DoubleMetaphone;+ is replaced by -;handleSC;FALSE
org.apache.commons.codec.language.DoubleMetaphone;ifeq is replaced by ifneq;handleT;FALSE
org.apache.commons.codec.language.DoubleMetaphone;ifeq is replaced by ifneq;handleT;FALSE
org.apache.commons.codec.language.DoubleMetaphone;ifneq is replaced by ifeq;handleT;FALSE
org.apache.commons.codec.language.DoubleMetaphone;ifeq is replaced by ifneq;handleT;FALSE
org.apache.commons.codec.language.DoubleMetaphone;+ is replaced by -;handleT;FALSE
org.apache.commons.codec.language.DoubleMetaphone;ifneq is replaced by ifeq;handleT;FALSE
org.apache.commons.codec.language.DoubleMetaphone;ifneq is replaced by ifeq;handleT;FALSE
org.apache.commons.codec.language.DoubleMetaphone;ifeq is replaced by ifneq;handleT;FALSE
org.apache.commons.codec.language.DoubleMetaphone;+ is replaced by -;handleT;FALSE
org.apache.commons.codec.language.DoubleMetaphone;ifeq is replaced by ifneq;handleT;FALSE
org.apache.commons.codec.language.DoubleMetaphone;+ is replaced by -;handleT;FALSE
org.apache.commons.codec.language.DoubleMetaphone;+ is replaced by -;handleT;FALSE
org.apache.commons.codec.language.DoubleMetaphone;ifeq is replaced by ifneq;handleW;FALSE
org.apache.commons.codec.language.DoubleMetaphone;ifneq is replaced by ifeq;handleW;FALSE
org.apache.commons.codec.language.DoubleMetaphone;+ is replaced by -;handleW;FALSE
org.apache.commons.codec.language.DoubleMetaphone;ifneq is replaced by ifeq;handleW;FALSE
org.apache.commons.codec.language.DoubleMetaphone;ifeq is replaced by ifneq;handleW;FALSE
org.apache.commons.codec.language.DoubleMetaphone;+ is replaced by -;handleW;FALSE
org.apache.commons.codec.language.DoubleMetaphone;ifeq is replaced by ifneq;handleW;FALSE
org.apache.commons.codec.language.DoubleMetaphone;- is replaced by +;handleW;FALSE
org.apache.commons.codec.language.DoubleMetaphone;- is replaced by +;handleW;FALSE
org.apache.commons.codec.language.DoubleMetaphone;ifneq is replaced by ifeq;handleW;FALSE
org.apache.commons.codec.language.DoubleMetaphone;- is replaced by +;handleW;TRUE
org.apache.commons.codec.language.DoubleMetaphone;ifneq is replaced by ifeq;handleW;FALSE
org.apache.commons.codec.language.DoubleMetaphone;ifeq is replaced by ifneq;handleW;FALSE
org.apache.commons.codec.language.DoubleMetaphone;ifeq is replaced by ifneq;handleW;FALSE
org.apache.commons.codec.language.DoubleMetaphone;ifneq is replaced by ifeq;handleX;FALSE
org.apache.commons.codec.language.DoubleMetaphone;- is replaced by +;handleX;FALSE
org.apache.commons.codec.language.DoubleMetaphone;- is replaced by +;handleX;TRUE
org.apache.commons.codec.language.DoubleMetaphone;ifneq is replaced by ifeq;handleX;FALSE
org.apache.commons.codec.language.DoubleMetaphone;- is replaced by +;handleX;FALSE
org.apache.commons.codec.language.DoubleMetaphone;ifneq is replaced by ifeq;handleX;FALSE
org.apache.commons.codec.language.DoubleMetaphone;+ is replaced by -;handleX;FALSE
org.apache.commons.codec.language.DoubleMetaphone;ifeq is replaced by ifneq;handleX;FALSE
org.apache.commons.codec.language.DoubleMetaphone;+ is replaced by -;handleX;FALSE
org.apache.commons.codec.language.DoubleMetaphone;+ is replaced by -;handleX;FALSE
org.apache.commons.codec.language.DoubleMetaphone;+ is replaced by -;handleZ;FALSE
org.apache.commons.codec.language.DoubleMetaphone;+ is replaced by -;handleZ;FALSE
org.apache.commons.codec.language.DoubleMetaphone;ifneq is replaced by ifeq;handleZ;FALSE
org.apache.commons.codec.language.DoubleMetaphone;ifeq is replaced by ifneq;handleZ;FALSE
org.apache.commons.codec.language.DoubleMetaphone;- is replaced by +;handleZ;FALSE
org.apache.commons.codec.language.DoubleMetaphone;+ is replaced by -;handleZ;FALSE
org.apache.commons.codec.language.DoubleMetaphone;+ is replaced by -;handleZ;FALSE
org.apache.commons.codec.language.DoubleMetaphone;+ is replaced by -;handleZ;FALSE
org.apache.commons.codec.language.DoubleMetaphone;ifeq is replaced by ifneq;conditionC0;FALSE
org.apache.commons.codec.language.DoubleMetaphone;- is replaced by +;conditionC0;TRUE
org.apache.commons.codec.language.DoubleMetaphone;ifeq is replaced by ifneq;conditionC0;TRUE
org.apache.commons.codec.language.DoubleMetaphone;- is replaced by +;conditionC0;TRUE
org.apache.commons.codec.language.DoubleMetaphone;ifneq is replaced by ifeq;conditionC0;FALSE
org.apache.commons.codec.language.DoubleMetaphone;+ is replaced by -;conditionC0;FALSE
org.apache.commons.codec.language.DoubleMetaphone;- is replaced by +;conditionC0;TRUE
org.apache.commons.codec.language.DoubleMetaphone;ifeq is replaced by ifneq;conditionC0;FALSE
org.apache.commons.codec.language.DoubleMetaphone;ifeq is replaced by ifneq;conditionCH0;FALSE
org.apache.commons.codec.language.DoubleMetaphone;+ is replaced by -;conditionCH0;TRUE
org.apache.commons.codec.language.DoubleMetaphone;ifneq is replaced by ifeq;conditionCH0;FALSE
org.apache.commons.codec.language.DoubleMetaphone;+ is replaced by -;conditionCH0;FALSE
org.apache.commons.codec.language.DoubleMetaphone;ifneq is replaced by ifeq;conditionCH0;FALSE
org.apache.commons.codec.language.DoubleMetaphone;ifeq is replaced by ifneq;conditionCH0;FALSE
org.apache.commons.codec.language.DoubleMetaphone;ifneq is replaced by ifeq;conditionCH1;FALSE
org.apache.commons.codec.language.DoubleMetaphone;ifneq is replaced by ifeq;conditionCH1;FALSE
org.apache.commons.codec.language.DoubleMetaphone;- is replaced by +;conditionCH1;FALSE
org.apache.commons.codec.language.DoubleMetaphone;ifneq is replaced by ifeq;conditionCH1;FALSE
org.apache.commons.codec.language.DoubleMetaphone;+ is replaced by -;conditionCH1;FALSE
org.apache.commons.codec.language.DoubleMetaphone;ifneq is replaced by ifeq;conditionCH1;FALSE
org.apache.commons.codec.language.DoubleMetaphone;- is replaced by +;conditionCH1;FALSE
org.apache.commons.codec.language.DoubleMetaphone;ifneq is replaced by ifeq;conditionCH1;FALSE
org.apache.commons.codec.language.DoubleMetaphone;ifneq is replaced by ifeq;conditionCH1;FALSE
org.apache.commons.codec.language.DoubleMetaphone;+ is replaced by -;conditionCH1;FALSE
org.apache.commons.codec.language.DoubleMetaphone;ifneq is replaced by ifeq;conditionCH1;FALSE
org.apache.commons.codec.language.DoubleMetaphone;+ is replaced by -;conditionCH1;FALSE
org.apache.commons.codec.language.DoubleMetaphone;- is replaced by +;conditionCH1;FALSE
org.apache.commons.codec.language.DoubleMetaphone;- is replaced by +;conditionL0;FALSE
org.apache.commons.codec.language.DoubleMetaphone;- is replaced by +;conditionL0;FALSE
org.apache.commons.codec.language.DoubleMetaphone;ifeq is replaced by ifneq;conditionL0;FALSE
org.apache.commons.codec.language.DoubleMetaphone;- is replaced by +;conditionL0;FALSE
org.apache.commons.codec.language.DoubleMetaphone;ifneq is replaced by ifeq;conditionL0;FALSE
org.apache.commons.codec.language.DoubleMetaphone;- is replaced by +;conditionL0;TRUE
org.apache.commons.codec.language.DoubleMetaphone;ifeq is replaced by ifneq;conditionL0;FALSE
org.apache.commons.codec.language.DoubleMetaphone;- is replaced by +;conditionL0;FALSE
org.apache.commons.codec.language.DoubleMetaphone;ifeq is replaced by ifneq;conditionL0;FALSE
org.apache.commons.codec.language.DoubleMetaphone;+ is replaced by -;conditionM0;FALSE
org.apache.commons.codec.language.DoubleMetaphone;- is replaced by +;conditionM0;FALSE
org.apache.commons.codec.language.DoubleMetaphone;ifeq is replaced by ifneq;conditionM0;FALSE
org.apache.commons.codec.language.DoubleMetaphone;+ is replaced by -;conditionM0;FALSE
org.apache.commons.codec.language.DoubleMetaphone;- is replaced by +;conditionM0;FALSE
org.apache.commons.codec.language.DoubleMetaphone;+ is replaced by -;conditionM0;TRUE
org.apache.commons.codec.language.DoubleMetaphone;ifeq is replaced by ifneq;conditionM0;FALSE
org.apache.commons.codec.language.DoubleMetaphone;ifeq is replaced by ifneq;isSilentStart;FALSE
org.apache.commons.codec.language.DoubleMetaphone;ifneq is replaced by ifeq;cleanInput;FALSE
org.apache.commons.codec.language.DoubleMetaphone;+ is replaced by -;contains;FALSE
org.apache.commons.codec.language.DoubleMetaphone;+ is replaced by -;contains;FALSE
org.apache.commons.codec.language.DoubleMetaphone;ifeq is replaced by ifneq;contains;FALSE
org.apache.commons.codec.language.Soundex;ifneq is replaced by ifeq;encode;FALSE
org.apache.commons.codec.language.Soundex;- is replaced by +;map;FALSE
org.apache.commons.codec.language.Soundex;ifneq is replaced by ifeq;soundex;FALSE
org.apache.commons.codec.language.Soundex;ifeq is replaced by ifneq;soundex;FALSE
org.apache.commons.codec.language.DaitchMokotoffSoundex$1;- is replaced by +;compare;FALSE
org.apache.commons.codec.language.MatchRatingApproachEncoder;ifneq is replaced by ifeq;encode;FALSE
org.apache.commons.codec.language.MatchRatingApproachEncoder;ifneq is replaced by ifeq;encode;FALSE
org.apache.commons.codec.language.MatchRatingApproachEncoder;ifneq is replaced by ifeq;encode;FALSE
org.apache.commons.codec.language.MatchRatingApproachEncoder;- is replaced by +;getFirst3Last3;FALSE
org.apache.commons.codec.language.MatchRatingApproachEncoder;ifneq is replaced by ifeq;isEncodeEquals;FALSE
org.apache.commons.codec.language.MatchRatingApproachEncoder;ifeq is replaced by ifneq;isEncodeEquals;FALSE
org.apache.commons.codec.language.MatchRatingApproachEncoder;ifneq is replaced by ifeq;isEncodeEquals;FALSE
org.apache.commons.codec.language.MatchRatingApproachEncoder;ifeq is replaced by ifneq;isEncodeEquals;FALSE
org.apache.commons.codec.language.MatchRatingApproachEncoder;ifeq is replaced by ifneq;isEncodeEquals;FALSE
org.apache.commons.codec.language.MatchRatingApproachEncoder;- is replaced by +;isEncodeEquals;FALSE
org.apache.commons.codec.language.MatchRatingApproachEncoder;+ is replaced by -;isEncodeEquals;FALSE
org.apache.commons.codec.language.MatchRatingApproachEncoder;ifneq is replaced by ifeq;isVowel;FALSE
org.apache.commons.codec.language.MatchRatingApproachEncoder;ifneq is replaced by ifeq;isVowel;FALSE
org.apache.commons.codec.language.MatchRatingApproachEncoder;ifneq is replaced by ifeq;isVowel;FALSE
org.apache.commons.codec.language.MatchRatingApproachEncoder;ifneq is replaced by ifeq;isVowel;FALSE
org.apache.commons.codec.language.MatchRatingApproachEncoder;ifeq is replaced by ifneq;isVowel;FALSE
org.apache.commons.codec.language.MatchRatingApproachEncoder;- is replaced by +;leftToRightThenRightToLeftProcessing;FALSE
org.apache.commons.codec.language.MatchRatingApproachEncoder;- is replaced by +;leftToRightThenRightToLeftProcessing;FALSE
org.apache.commons.codec.language.MatchRatingApproachEncoder;+ is replaced by -;leftToRightThenRightToLeftProcessing;FALSE
org.apache.commons.codec.language.MatchRatingApproachEncoder;- is replaced by +;leftToRightThenRightToLeftProcessing;FALSE
org.apache.commons.codec.language.MatchRatingApproachEncoder;- is replaced by +;leftToRightThenRightToLeftProcessing;FALSE
org.apache.commons.codec.language.MatchRatingApproachEncoder;+ is replaced by -;leftToRightThenRightToLeftProcessing;FALSE
org.apache.commons.codec.language.MatchRatingApproachEncoder;+ is replaced by -;leftToRightThenRightToLeftProcessing;FALSE
org.apache.commons.codec.language.MatchRatingApproachEncoder;- is replaced by +;leftToRightThenRightToLeftProcessing;FALSE
org.apache.commons.codec.language.MatchRatingApproachEncoder;- is replaced by +;leftToRightThenRightToLeftProcessing;FALSE
org.apache.commons.codec.language.MatchRatingApproachEncoder;+ is replaced by -;leftToRightThenRightToLeftProcessing;FALSE
org.apache.commons.codec.language.MatchRatingApproachEncoder;ifeq is replaced by ifneq;leftToRightThenRightToLeftProcessing;FALSE
org.apache.commons.codec.language.MatchRatingApproachEncoder;ifeq is replaced by ifneq;leftToRightThenRightToLeftProcessing;FALSE
org.apache.commons.codec.language.MatchRatingApproachEncoder;- is replaced by +;leftToRightThenRightToLeftProcessing;FALSE
org.apache.commons.codec.language.MatchRatingApproachEncoder;- is replaced by +;leftToRightThenRightToLeftProcessing;FALSE
org.apache.commons.codec.language.MatchRatingApproachEncoder;- is replaced by +;leftToRightThenRightToLeftProcessing;TRUE
org.apache.commons.codec.language.MatchRatingApproachEncoder;- is replaced by +;leftToRightThenRightToLeftProcessing;FALSE
org.apache.commons.codec.language.MatchRatingApproachEncoder;ifeq is replaced by ifneq;removeDoubleConsonants;FALSE
org.apache.commons.codec.language.MatchRatingApproachEncoder;ifeq is replaced by ifneq;removeVowels;FALSE
org.apache.commons.codec.language.ColognePhonetic$CologneInputBuffer;+ is replaced by -;addLeft;FALSE
org.apache.commons.codec.language.ColognePhonetic$CologneInputBuffer;- is replaced by +;copyData;TRUE
org.apache.commons.codec.language.ColognePhonetic$CologneInputBuffer;+ is replaced by -;copyData;TRUE
org.apache.commons.codec.language.ColognePhonetic$CologneInputBuffer;- is replaced by +;getNextPos;FALSE
org.apache.commons.codec.language.ColognePhonetic$CologneInputBuffer;- is replaced by +;removeNext;FALSE
org.apache.commons.codec.language.Metaphone;ifneq is replaced by ifeq;metaphone;FALSE
org.apache.commons.codec.language.Metaphone;- is replaced by +;metaphone;FALSE
org.apache.commons.codec.language.Metaphone;- is replaced by +;metaphone;FALSE
org.apache.commons.codec.language.Metaphone;- is replaced by +;metaphone;FALSE
org.apache.commons.codec.language.Metaphone;- is replaced by +;metaphone;FALSE
org.apache.commons.codec.language.Metaphone;ifeq is replaced by ifneq;metaphone;FALSE
org.apache.commons.codec.language.Metaphone;ifneq is replaced by ifeq;metaphone;FALSE
org.apache.commons.codec.language.Metaphone;ifeq is replaced by ifneq;metaphone;FALSE
org.apache.commons.codec.language.Metaphone;ifeq is replaced by ifneq;metaphone;FALSE
org.apache.commons.codec.language.Metaphone;ifeq is replaced by ifneq;metaphone;FALSE
org.apache.commons.codec.language.Metaphone;ifneq is replaced by ifeq;metaphone;FALSE
org.apache.commons.codec.language.Metaphone;+ is replaced by -;metaphone;FALSE
org.apache.commons.codec.language.Metaphone;ifeq is replaced by ifneq;metaphone;FALSE
org.apache.commons.codec.language.Metaphone;ifneq is replaced by ifeq;metaphone;FALSE
org.apache.commons.codec.language.Metaphone;+ is replaced by -;metaphone;FALSE
org.apache.commons.codec.language.Metaphone;ifeq is replaced by ifneq;metaphone;FALSE
org.apache.commons.codec.language.Metaphone;ifeq is replaced by ifneq;metaphone;FALSE
org.apache.commons.codec.language.Metaphone;ifeq is replaced by ifneq;metaphone;FALSE
org.apache.commons.codec.language.Metaphone;ifneq is replaced by ifeq;metaphone;FALSE
org.apache.commons.codec.language.Metaphone;ifeq is replaced by ifneq;metaphone;FALSE
org.apache.commons.codec.language.Metaphone;+ is replaced by -;metaphone;TRUE
org.apache.commons.codec.language.Metaphone;ifneq is replaced by ifeq;metaphone;FALSE
org.apache.commons.codec.language.Metaphone;ifeq is replaced by ifneq;metaphone;FALSE
org.apache.commons.codec.language.Metaphone;+ is replaced by -;metaphone;FALSE
org.apache.commons.codec.language.Metaphone;+ is replaced by -;metaphone;FALSE
org.apache.commons.codec.language.Metaphone;ifeq is replaced by ifneq;metaphone;FALSE
org.apache.commons.codec.language.Metaphone;ifeq is replaced by ifneq;metaphone;FALSE
org.apache.commons.codec.language.Metaphone;+ is replaced by -;metaphone;TRUE
org.apache.commons.codec.language.Metaphone;ifneq is replaced by ifeq;metaphone;FALSE
org.apache.commons.codec.language.Metaphone;ifeq is replaced by ifneq;metaphone;FALSE
org.apache.commons.codec.language.Metaphone;+ is replaced by -;metaphone;FALSE
org.apache.commons.codec.language.Metaphone;ifneq is replaced by ifeq;metaphone;FALSE
org.apache.commons.codec.language.Metaphone;ifneq is replaced by ifeq;metaphone;FALSE
org.apache.commons.codec.language.Metaphone;ifeq is replaced by ifneq;metaphone;FALSE
org.apache.commons.codec.language.Metaphone;ifeq is replaced by ifneq;metaphone;FALSE
org.apache.commons.codec.language.Metaphone;ifneq is replaced by ifeq;metaphone;FALSE
org.apache.commons.codec.language.Metaphone;+ is replaced by -;metaphone;FALSE
org.apache.commons.codec.language.Metaphone;ifneq is replaced by ifeq;metaphone;FALSE
org.apache.commons.codec.language.Metaphone;ifeq is replaced by ifneq;metaphone;FALSE
org.apache.commons.codec.language.Metaphone;- is replaced by +;metaphone;FALSE
org.apache.commons.codec.language.Metaphone;+ is replaced by -;metaphone;FALSE
org.apache.commons.codec.language.Metaphone;ifeq is replaced by ifneq;metaphone;FALSE
org.apache.commons.codec.language.Metaphone;ifneq is replaced by ifeq;metaphone;FALSE
org.apache.commons.codec.language.Metaphone;ifeq is replaced by ifneq;metaphone;FALSE
org.apache.commons.codec.language.Metaphone;ifneq is replaced by ifeq;metaphone;FALSE
org.apache.commons.codec.language.Metaphone;ifneq is replaced by ifeq;metaphone;FALSE
org.apache.commons.codec.language.Metaphone;ifeq is replaced by ifneq;metaphone;FALSE
org.apache.commons.codec.language.Metaphone;ifneq is replaced by ifeq;metaphone;FALSE
org.apache.commons.codec.language.Metaphone;ifeq is replaced by ifneq;metaphone;FALSE
org.apache.commons.codec.language.Metaphone;ifeq is replaced by ifneq;metaphone;FALSE
org.apache.commons.codec.language.Metaphone;ifeq is replaced by ifneq;metaphone;FALSE
org.apache.commons.codec.language.Metaphone;ifneq is replaced by ifeq;metaphone;FALSE
org.apache.commons.codec.language.Metaphone;+ is replaced by -;metaphone;FALSE
org.apache.commons.codec.language.Metaphone;ifeq is replaced by ifneq;metaphone;FALSE
org.apache.commons.codec.language.Metaphone;- is replaced by +;isPreviousChar;FALSE
org.apache.commons.codec.language.Metaphone;- is replaced by +;isNextChar;FALSE
org.apache.commons.codec.language.Metaphone;+ is replaced by -;isNextChar;FALSE
org.apache.commons.codec.language.Metaphone;+ is replaced by -;regionMatch;FALSE
org.apache.commons.codec.language.Metaphone;- is replaced by +;regionMatch;FALSE
org.apache.commons.codec.language.Metaphone;+ is replaced by -;regionMatch;FALSE
org.apache.commons.codec.language.Metaphone;+ is replaced by -;isLastChar;FALSE
org.apache.commons.codec.language.Metaphone;ifneq is replaced by ifeq;encode;FALSE
org.apache.commons.codec.language.DaitchMokotoffSoundex$Rule;ifeq is replaced by ifneq;getReplacements;FALSE
org.apache.commons.codec.language.DaitchMokotoffSoundex$Rule;ifeq is replaced by ifneq;getReplacements;FALSE
org.apache.commons.codec.language.DoubleMetaphone$DoubleMetaphoneResult;- is replaced by +;appendPrimary;FALSE
org.apache.commons.codec.language.DoubleMetaphone$DoubleMetaphoneResult;- is replaced by +;appendAlternate;FALSE
org.apache.commons.codec.language.Caverphone1;ifneq is replaced by ifeq;encode;FALSE
org.apache.commons.codec.language.RefinedSoundex;ifneq is replaced by ifeq;encode;FALSE
org.apache.commons.codec.language.RefinedSoundex;ifneq is replaced by ifeq;getMappingCode;FALSE
org.apache.commons.codec.language.RefinedSoundex;- is replaced by +;getMappingCode;FALSE
org.apache.commons.codec.language.RefinedSoundex;ifneq is replaced by ifeq;soundex;FALSE
org.apache.commons.codec.language.RefinedSoundex;ifeq is replaced by ifneq;soundex;FALSE
org.apache.commons.codec.language.DaitchMokotoffSoundex;ifeq is replaced by ifneq;parseRules;FALSE
org.apache.commons.codec.language.DaitchMokotoffSoundex;ifeq is replaced by ifneq;parseRules;FALSE
org.apache.commons.codec.language.DaitchMokotoffSoundex;ifeq is replaced by ifneq;parseRules;FALSE
org.apache.commons.codec.language.DaitchMokotoffSoundex;ifeq is replaced by ifneq;parseRules;FALSE
org.apache.commons.codec.language.DaitchMokotoffSoundex;ifneq is replaced by ifeq;parseRules;FALSE
org.apache.commons.codec.language.DaitchMokotoffSoundex;ifeq is replaced by ifneq;parseRules;FALSE
org.apache.commons.codec.language.DaitchMokotoffSoundex;ifeq is replaced by ifneq;stripQuotes;FALSE
org.apache.commons.codec.language.DaitchMokotoffSoundex;ifeq is replaced by ifneq;stripQuotes;FALSE
org.apache.commons.codec.language.DaitchMokotoffSoundex;- is replaced by +;stripQuotes;FALSE
org.apache.commons.codec.language.DaitchMokotoffSoundex;ifeq is replaced by ifneq;cleanup;FALSE
org.apache.commons.codec.language.DaitchMokotoffSoundex;ifeq is replaced by ifneq;cleanup;FALSE
org.apache.commons.codec.language.DaitchMokotoffSoundex;ifeq is replaced by ifneq;cleanup;FALSE
org.apache.commons.codec.language.DaitchMokotoffSoundex;ifneq is replaced by ifeq;encode;FALSE
org.apache.commons.codec.language.DaitchMokotoffSoundex;ifeq is replaced by ifneq;soundex;FALSE
org.apache.commons.codec.language.DaitchMokotoffSoundex;ifeq is replaced by ifneq;soundex;FALSE
org.apache.commons.codec.language.DaitchMokotoffSoundex;ifeq is replaced by ifneq;soundex;FALSE
org.apache.commons.codec.language.DaitchMokotoffSoundex;ifeq is replaced by ifneq;soundex;FALSE
org.apache.commons.codec.language.DaitchMokotoffSoundex;ifeq is replaced by ifneq;soundex;TRUE
org.apache.commons.codec.language.DaitchMokotoffSoundex;ifneq is replaced by ifeq;soundex;FALSE
org.apache.commons.codec.language.DaitchMokotoffSoundex;ifeq is replaced by ifneq;soundex;FALSE
org.apache.commons.codec.language.DaitchMokotoffSoundex;ifeq is replaced by ifneq;soundex;FALSE
org.apache.commons.codec.language.DaitchMokotoffSoundex;ifeq is replaced by ifneq;soundex;FALSE
org.apache.commons.codec.language.DaitchMokotoffSoundex;ifeq is replaced by ifneq;soundex;FALSE
org.apache.commons.codec.language.DaitchMokotoffSoundex;ifeq is replaced by ifneq;soundex;FALSE
org.apache.commons.codec.language.DaitchMokotoffSoundex;- is replaced by +;soundex;FALSE
org.apache.commons.codec.language.DaitchMokotoffSoundex;ifeq is replaced by ifneq;soundex;FALSE
org.apache.commons.codec.language.Nysiis;ifeq is replaced by ifneq;transcodeRemaining;FALSE
org.apache.commons.codec.language.Nysiis;ifeq is replaced by ifneq;transcodeRemaining;FALSE
org.apache.commons.codec.language.Nysiis;ifneq is replaced by ifeq;transcodeRemaining;FALSE
org.apache.commons.codec.language.Nysiis;ifeq is replaced by ifneq;transcodeRemaining;FALSE
org.apache.commons.codec.language.Nysiis;ifneq is replaced by ifeq;encode;FALSE
org.apache.commons.codec.language.Nysiis;ifneq is replaced by ifeq;nysiis;FALSE
org.apache.commons.codec.language.Nysiis;- is replaced by +;nysiis;FALSE
org.apache.commons.codec.language.Nysiis;+ is replaced by -;nysiis;FALSE
org.apache.commons.codec.language.Nysiis;- is replaced by +;nysiis;FALSE
org.apache.commons.codec.language.Nysiis;+ is replaced by -;nysiis;FALSE
org.apache.commons.codec.language.Nysiis;- is replaced by +;nysiis;FALSE
org.apache.commons.codec.language.Nysiis;- is replaced by +;nysiis;FALSE
org.apache.commons.codec.language.Nysiis;- is replaced by +;nysiis;FALSE
org.apache.commons.codec.language.Nysiis;- is replaced by +;nysiis;FALSE
org.apache.commons.codec.language.Nysiis;- is replaced by +;nysiis;FALSE
org.apache.commons.codec.language.Nysiis;- is replaced by +;nysiis;FALSE
org.apache.commons.codec.language.Nysiis;- is replaced by +;nysiis;FALSE
org.apache.commons.codec.language.Nysiis;- is replaced by +;nysiis;FALSE
org.apache.commons.codec.language.Nysiis;ifeq is replaced by ifneq;nysiis;FALSE
org.apache.commons.codec.language.AbstractCaverphone;ifneq is replaced by ifeq;encode;FALSE
org.apache.commons.codec.language.bm.Languages$LanguageSet;ifeq is replaced by ifneq;from;FALSE
org.apache.commons.codec.language.bm.BeiderMorseEncoder;ifneq is replaced by ifeq;encode;FALSE
org.apache.commons.codec.language.bm.PhoneticEngine$PhonemeBuilder;ifeq is replaced by ifneq;append;FALSE
org.apache.commons.codec.language.bm.PhoneticEngine$PhonemeBuilder;ifeq is replaced by ifneq;apply;FALSE
org.apache.commons.codec.language.bm.PhoneticEngine$PhonemeBuilder;ifeq is replaced by ifneq;apply;FALSE
org.apache.commons.codec.language.bm.PhoneticEngine$PhonemeBuilder;ifneq is replaced by ifeq;apply;FALSE
org.apache.commons.codec.language.bm.PhoneticEngine$PhonemeBuilder;ifeq is replaced by ifneq;makeString;FALSE
org.apache.commons.codec.language.bm.Rule$3;ifneq is replaced by ifeq;isMatch;FALSE
org.apache.commons.codec.language.bm.Rule$9;- is replaced by +;isMatch;FALSE
org.apache.commons.codec.language.bm.PhoneticEngine;ifeq is replaced by ifneq;join;TRUE
org.apache.commons.codec.language.bm.PhoneticEngine;ifeq is replaced by ifneq;join;FALSE
org.apache.commons.codec.language.bm.PhoneticEngine;ifeq is replaced by ifneq;applyFinalRules;FALSE
org.apache.commons.codec.language.bm.PhoneticEngine;ifeq is replaced by ifneq;applyFinalRules;FALSE
org.apache.commons.codec.language.bm.PhoneticEngine;ifneq is replaced by ifeq;applyFinalRules;FALSE
org.apache.commons.codec.language.bm.PhoneticEngine;+ is replaced by -;applyFinalRules;FALSE
org.apache.commons.codec.language.bm.PhoneticEngine;ifeq is replaced by ifneq;applyFinalRules;FALSE
org.apache.commons.codec.language.bm.PhoneticEngine;ifeq is replaced by ifneq;applyFinalRules;FALSE
org.apache.commons.codec.language.bm.PhoneticEngine;ifeq is replaced by ifneq;encode;FALSE
org.apache.commons.codec.language.bm.PhoneticEngine;ifeq is replaced by ifneq;encode;FALSE
org.apache.commons.codec.language.bm.PhoneticEngine;+ is replaced by -;encode;FALSE
org.apache.commons.codec.language.bm.PhoneticEngine;ifeq is replaced by ifneq;encode;FALSE
org.apache.commons.codec.language.bm.PhoneticEngine;- is replaced by +;encode;FALSE
org.apache.commons.codec.language.bm.PhoneticEngine;ifeq is replaced by ifneq;encode;FALSE
org.apache.commons.codec.language.bm.PhoneticEngine;ifeq is replaced by ifneq;encode;TRUE
org.apache.commons.codec.language.bm.PhoneticEngine$RulesApplication;+ is replaced by -;invoke;FALSE
org.apache.commons.codec.language.bm.PhoneticEngine$RulesApplication;ifeq is replaced by ifneq;invoke;FALSE
org.apache.commons.codec.language.bm.PhoneticEngine$RulesApplication;ifeq is replaced by ifneq;invoke;FALSE
org.apache.commons.codec.language.bm.PhoneticEngine$RulesApplication;ifneq is replaced by ifeq;invoke;FALSE
org.apache.commons.codec.language.bm.PhoneticEngine$RulesApplication;+ is replaced by -;invoke;FALSE
org.apache.commons.codec.language.bm.Lang;ifeq is replaced by ifneq;loadFromResource;FALSE
org.apache.commons.codec.language.bm.Lang;ifeq is replaced by ifneq;loadFromResource;FALSE
org.apache.commons.codec.language.bm.Lang;ifeq is replaced by ifneq;loadFromResource;FALSE
org.apache.commons.codec.language.bm.Lang;ifeq is replaced by ifneq;loadFromResource;FALSE
org.apache.commons.codec.language.bm.Lang;ifneq is replaced by ifeq;loadFromResource;FALSE
org.apache.commons.codec.language.bm.Lang;ifeq is replaced by ifneq;guessLanguage;TRUE
org.apache.commons.codec.language.bm.Lang;ifeq is replaced by ifneq;guessLanguages;FALSE
org.apache.commons.codec.language.bm.Lang;ifeq is replaced by ifneq;guessLanguages;FALSE
org.apache.commons.codec.language.bm.Lang;ifeq is replaced by ifneq;guessLanguages;FALSE
org.apache.commons.codec.language.bm.Lang;ifeq is replaced by ifneq;guessLanguages;FALSE
org.apache.commons.codec.language.bm.Rule;- is replaced by +;endsWith;FALSE
org.apache.commons.codec.language.bm.Rule;- is replaced by +;endsWith;FALSE
org.apache.commons.codec.language.bm.Rule;ifeq is replaced by ifneq;getInstance;TRUE
org.apache.commons.codec.language.bm.Rule;ifeq is replaced by ifneq;getInstanceMap;FALSE
org.apache.commons.codec.language.bm.Rule;ifneq is replaced by ifeq;parsePhoneme;FALSE
org.apache.commons.codec.language.bm.Rule;+ is replaced by -;parsePhoneme;FALSE
org.apache.commons.codec.language.bm.Rule;- is replaced by +;parsePhoneme;FALSE
org.apache.commons.codec.language.bm.Rule;ifeq is replaced by ifneq;parsePhonemeExpr;FALSE
org.apache.commons.codec.language.bm.Rule;ifneq is replaced by ifeq;parsePhonemeExpr;FALSE
org.apache.commons.codec.language.bm.Rule;- is replaced by +;parsePhonemeExpr;FALSE
org.apache.commons.codec.language.bm.Rule;ifneq is replaced by ifeq;parsePhonemeExpr;FALSE
org.apache.commons.codec.language.bm.Rule;ifeq is replaced by ifneq;parsePhonemeExpr;FALSE
org.apache.commons.codec.language.bm.Rule;ifeq is replaced by ifneq;parseRules;FALSE
org.apache.commons.codec.language.bm.Rule;ifeq is replaced by ifneq;parseRules;FALSE
org.apache.commons.codec.language.bm.Rule;ifeq is replaced by ifneq;parseRules;FALSE
org.apache.commons.codec.language.bm.Rule;ifeq is replaced by ifneq;parseRules;FALSE
org.apache.commons.codec.language.bm.Rule;ifneq is replaced by ifeq;parseRules;FALSE
org.apache.commons.codec.language.bm.Rule;ifeq is replaced by ifneq;parseRules;FALSE
org.apache.commons.codec.language.bm.Rule;ifeq is replaced by ifneq;parseRules;FALSE
org.apache.commons.codec.language.bm.Rule;ifeq is replaced by ifneq;pattern;FALSE
org.apache.commons.codec.language.bm.Rule;ifeq is replaced by ifneq;pattern;FALSE
org.apache.commons.codec.language.bm.Rule;- is replaced by +;pattern;FALSE
org.apache.commons.codec.language.bm.Rule;ifneq is replaced by ifeq;pattern;FALSE
org.apache.commons.codec.language.bm.Rule;ifeq is replaced by ifneq;pattern;FALSE
org.apache.commons.codec.language.bm.Rule;ifeq is replaced by ifneq;pattern;FALSE
org.apache.commons.codec.language.bm.Rule;ifneq is replaced by ifeq;pattern;TRUE
org.apache.commons.codec.language.bm.Rule;ifneq is replaced by ifeq;pattern;TRUE
org.apache.commons.codec.language.bm.Rule;ifeq is replaced by ifneq;pattern;TRUE
org.apache.commons.codec.language.bm.Rule;ifneq is replaced by ifeq;pattern;FALSE
org.apache.commons.codec.language.bm.Rule;ifeq is replaced by ifneq;pattern;FALSE
org.apache.commons.codec.language.bm.Rule;ifeq is replaced by ifneq;pattern;TRUE
org.apache.commons.codec.language.bm.Rule;ifeq is replaced by ifneq;pattern;TRUE
org.apache.commons.codec.language.bm.Rule;ifeq is replaced by ifneq;pattern;FALSE
org.apache.commons.codec.language.bm.Rule;- is replaced by +;pattern;FALSE
org.apache.commons.codec.language.bm.Rule;ifneq is replaced by ifeq;pattern;FALSE
org.apache.commons.codec.language.bm.Rule;ifeq is replaced by ifneq;pattern;FALSE
org.apache.commons.codec.language.bm.Rule;ifneq is replaced by ifeq;pattern;FALSE
org.apache.commons.codec.language.bm.Rule;ifeq is replaced by ifneq;pattern;FALSE
org.apache.commons.codec.language.bm.Rule;ifeq is replaced by ifneq;pattern;FALSE
org.apache.commons.codec.language.bm.Rule;ifeq is replaced by ifneq;pattern;FALSE
org.apache.commons.codec.language.bm.Rule;ifeq is replaced by ifneq;pattern;TRUE
org.apache.commons.codec.language.bm.Rule;ifeq is replaced by ifneq;stripQuotes;FALSE
org.apache.commons.codec.language.bm.Rule;ifeq is replaced by ifneq;stripQuotes;FALSE
org.apache.commons.codec.language.bm.Rule;- is replaced by +;stripQuotes;FALSE
org.apache.commons.codec.language.bm.Rule;+ is replaced by -;patternAndContextMatches;FALSE
org.apache.commons.codec.language.bm.Rule;ifneq is replaced by ifeq;patternAndContextMatches;FALSE
org.apache.commons.codec.language.bm.Rule;ifneq is replaced by ifeq;patternAndContextMatches;FALSE
org.apache.commons.codec.language.bm.Languages;ifeq is replaced by ifneq;getInstance;FALSE
org.apache.commons.codec.language.bm.Languages;ifeq is replaced by ifneq;getInstance;FALSE
org.apache.commons.codec.language.bm.Languages;ifeq is replaced by ifneq;getInstance;FALSE
org.apache.commons.codec.language.bm.Languages;ifeq is replaced by ifneq;getInstance;FALSE
org.apache.commons.codec.language.bm.Languages$SomeLanguages;ifeq is replaced by ifneq;restrictTo;FALSE
org.apache.commons.codec.language.bm.Languages$SomeLanguages;ifeq is replaced by ifneq;restrictTo;FALSE
org.apache.commons.codec.language.bm.Languages$SomeLanguages;ifeq is replaced by ifneq;merge;FALSE
org.apache.commons.codec.language.bm.Rule$Phoneme$1;- is replaced by +;compare;FALSE
org.apache.commons.codec.language.bm.Rule$Phoneme$1;ifeq is replaced by ifneq;compare;FALSE
org.apache.commons.codec.language.Caverphone2;ifneq is replaced by ifeq;encode;FALSE
org.apache.commons.codec.language.Caverphone;ifneq is replaced by ifeq;encode;TRUE
org.apache.commons.codec.language.DaitchMokotoffSoundex$Branch;ifneq is replaced by ifeq;equals;FALSE
org.apache.commons.codec.language.DaitchMokotoffSoundex$Branch;ifeq is replaced by ifneq;processNextReplacement;FALSE
org.apache.commons.codec.language.DaitchMokotoffSoundex$Branch;ifeq is replaced by ifneq;processNextReplacement;FALSE
org.apache.commons.codec.language.DaitchMokotoffSoundex$Branch;ifeq is replaced by ifneq;processNextReplacement;FALSE
org.apache.commons.codec.language.ColognePhonetic;* is replaced by /;colognePhonetic;FALSE
org.apache.commons.codec.language.ColognePhonetic;ifeq is replaced by ifneq;colognePhonetic;FALSE
org.apache.commons.codec.language.ColognePhonetic;ifneq is replaced by ifeq;colognePhonetic;FALSE
org.apache.commons.codec.language.ColognePhonetic;ifeq is replaced by ifneq;colognePhonetic;FALSE
org.apache.commons.codec.language.ColognePhonetic;ifeq is replaced by ifneq;colognePhonetic;FALSE
org.apache.commons.codec.language.ColognePhonetic;ifneq is replaced by ifeq;colognePhonetic;FALSE
org.apache.commons.codec.language.ColognePhonetic;ifeq is replaced by ifneq;colognePhonetic;FALSE
org.apache.commons.codec.language.ColognePhonetic;ifneq is replaced by ifeq;colognePhonetic;FALSE
org.apache.commons.codec.language.ColognePhonetic;ifneq is replaced by ifeq;colognePhonetic;FALSE
org.apache.commons.codec.language.ColognePhonetic;ifeq is replaced by ifneq;colognePhonetic;FALSE
org.apache.commons.codec.language.ColognePhonetic;ifneq is replaced by ifeq;encode;FALSE
org.apache.commons.codec.language.SoundexUtils;ifneq is replaced by ifeq;clean;FALSE
org.apache.commons.codec.language.SoundexUtils;ifeq is replaced by ifneq;clean;FALSE
org.apache.commons.codec.cli.Digest;ifneq is replaced by ifeq;run;TRUE
org.apache.commons.codec.cli.Digest;ifeq is replaced by ifneq;run;TRUE
org.apache.commons.codec.cli.Digest;ifeq is replaced by ifneq;run;TRUE
org.apache.commons.codec.cli.Digest;ifeq is replaced by ifneq;run;TRUE
org.apache.commons.codec.cli.Digest;ifeq is replaced by ifneq;run;TRUE
org.apache.commons.codec.cli.Digest;ifeq is replaced by ifneq;run;TRUE
org.apache.commons.codec.digest.PureJavaCrc32;+ is replaced by -;update;FALSE
org.apache.commons.codec.digest.PureJavaCrc32;- is replaced by +;update;FALSE
org.apache.commons.codec.digest.PureJavaCrc32;+ is replaced by -;update;FALSE
org.apache.commons.codec.digest.PureJavaCrc32;+ is replaced by -;update;FALSE
org.apache.commons.codec.digest.PureJavaCrc32;+ is replaced by -;update;FALSE
org.apache.commons.codec.digest.PureJavaCrc32;+ is replaced by -;update;FALSE
org.apache.commons.codec.digest.PureJavaCrc32;+ is replaced by -;update;FALSE
org.apache.commons.codec.digest.PureJavaCrc32;+ is replaced by -;update;FALSE
org.apache.commons.codec.digest.PureJavaCrc32;+ is replaced by -;update;FALSE
org.apache.commons.codec.digest.PureJavaCrc32;+ is replaced by -;update;FALSE
org.apache.commons.codec.digest.PureJavaCrc32;+ is replaced by -;update;FALSE
org.apache.commons.codec.digest.PureJavaCrc32;+ is replaced by -;update;FALSE
org.apache.commons.codec.digest.PureJavaCrc32;+ is replaced by -;update;FALSE
org.apache.commons.codec.digest.PureJavaCrc32;+ is replaced by -;update;FALSE
org.apache.commons.codec.digest.PureJavaCrc32;+ is replaced by -;update;FALSE
org.apache.commons.codec.digest.PureJavaCrc32;+ is replaced by -;update;FALSE
org.apache.commons.codec.digest.PureJavaCrc32;+ is replaced by -;update;FALSE
org.apache.commons.codec.digest.PureJavaCrc32;+ is replaced by -;update;FALSE
org.apache.commons.codec.digest.PureJavaCrc32;+ is replaced by -;update;FALSE
org.apache.commons.codec.digest.PureJavaCrc32C;+ is replaced by -;update;TRUE
org.apache.commons.codec.digest.PureJavaCrc32C;+ is replaced by -;update;FALSE
org.apache.commons.codec.digest.PureJavaCrc32C;+ is replaced by -;update;FALSE
org.apache.commons.codec.digest.PureJavaCrc32C;+ is replaced by -;update;FALSE
org.apache.commons.codec.digest.PureJavaCrc32C;+ is replaced by -;update;FALSE
org.apache.commons.codec.digest.PureJavaCrc32C;+ is replaced by -;update;FALSE
org.apache.commons.codec.digest.PureJavaCrc32C;+ is replaced by -;update;FALSE
org.apache.commons.codec.digest.PureJavaCrc32C;+ is replaced by -;update;FALSE
org.apache.commons.codec.digest.PureJavaCrc32C;+ is replaced by -;update;FALSE
org.apache.commons.codec.digest.PureJavaCrc32C;+ is replaced by -;update;FALSE
org.apache.commons.codec.digest.PureJavaCrc32C;+ is replaced by -;update;FALSE
org.apache.commons.codec.digest.PureJavaCrc32C;+ is replaced by -;update;FALSE
org.apache.commons.codec.digest.PureJavaCrc32C;+ is replaced by -;update;FALSE
org.apache.commons.codec.digest.PureJavaCrc32C;+ is replaced by -;update;FALSE
org.apache.commons.codec.digest.PureJavaCrc32C;+ is replaced by -;update;FALSE
org.apache.commons.codec.digest.PureJavaCrc32C;+ is replaced by -;update;FALSE
org.apache.commons.codec.digest.PureJavaCrc32C;+ is replaced by -;update;TRUE
org.apache.commons.codec.digest.PureJavaCrc32C;+ is replaced by -;update;TRUE
org.apache.commons.codec.digest.PureJavaCrc32C;+ is replaced by -;update;TRUE
org.apache.commons.codec.digest.PureJavaCrc32C;+ is replaced by -;update;TRUE
org.apache.commons.codec.digest.PureJavaCrc32C;+ is replaced by -;update;TRUE
org.apache.commons.codec.digest.PureJavaCrc32C;+ is replaced by -;update;TRUE
org.apache.commons.codec.digest.PureJavaCrc32C;+ is replaced by -;update;TRUE
org.apache.commons.codec.digest.PureJavaCrc32C;+ is replaced by -;update;TRUE
org.apache.commons.codec.digest.Crypt;ifeq is replaced by ifneq;crypt;FALSE
org.apache.commons.codec.digest.Crypt;ifeq is replaced by ifneq;crypt;FALSE
org.apache.commons.codec.digest.Crypt;ifeq is replaced by ifneq;crypt;FALSE
org.apache.commons.codec.digest.Sha2Crypt;ifneq is replaced by ifeq;sha2Crypt;FALSE
org.apache.commons.codec.digest.Sha2Crypt;- is replaced by +;sha2Crypt;FALSE
org.apache.commons.codec.digest.Sha2Crypt;ifeq is replaced by ifneq;sha2Crypt;FALSE
org.apache.commons.codec.digest.Sha2Crypt;- is replaced by +;sha2Crypt;FALSE
org.apache.commons.codec.digest.Sha2Crypt;+ is replaced by -;sha2Crypt;FALSE
org.apache.commons.codec.digest.Sha2Crypt;- is replaced by +;sha2Crypt;FALSE
org.apache.commons.codec.digest.Sha2Crypt;+ is replaced by -;sha2Crypt;FALSE
org.apache.commons.codec.digest.Sha2Crypt;- is replaced by +;sha2Crypt;FALSE
org.apache.commons.codec.digest.Sha2Crypt;+ is replaced by -;sha2Crypt;TRUE
org.apache.commons.codec.digest.Sha2Crypt;- is replaced by +;sha2Crypt;TRUE
org.apache.commons.codec.digest.Sha2Crypt;- is replaced by +;sha2Crypt;FALSE
org.apache.commons.codec.digest.Sha2Crypt;ifeq is replaced by ifneq;sha2Crypt;FALSE
org.apache.commons.codec.digest.Sha2Crypt;ifeq is replaced by ifneq;sha2Crypt;FALSE
org.apache.commons.codec.digest.Sha2Crypt;ifeq is replaced by ifneq;sha2Crypt;FALSE
org.apache.commons.codec.digest.Sha2Crypt;ifeq is replaced by ifneq;sha2Crypt;FALSE
org.apache.commons.codec.digest.Sha2Crypt;ifeq is replaced by ifneq;sha2Crypt;FALSE
org.apache.commons.codec.digest.XXHash32;+ is replaced by -;update;FALSE
org.apache.commons.codec.digest.XXHash32;+ is replaced by -;update;FALSE
org.apache.commons.codec.digest.XXHash32;+ is replaced by -;update;FALSE
org.apache.commons.codec.digest.XXHash32;+ is replaced by -;update;TRUE
org.apache.commons.codec.digest.XXHash32;- is replaced by +;update;TRUE
org.apache.commons.codec.digest.XXHash32;+ is replaced by -;update;TRUE
org.apache.commons.codec.digest.XXHash32;- is replaced by +;update;FALSE
org.apache.commons.codec.digest.XXHash32;- is replaced by +;update;TRUE
org.apache.commons.codec.digest.XXHash32;+ is replaced by -;getValue;FALSE
org.apache.commons.codec.digest.XXHash32;+ is replaced by -;getValue;FALSE
org.apache.commons.codec.digest.XXHash32;+ is replaced by -;getValue;FALSE
org.apache.commons.codec.digest.XXHash32;+ is replaced by -;getValue;TRUE
org.apache.commons.codec.digest.XXHash32;+ is replaced by -;getValue;FALSE
org.apache.commons.codec.digest.XXHash32;- is replaced by +;getValue;FALSE
org.apache.commons.codec.digest.XXHash32;* is replaced by /;getValue;TRUE
org.apache.commons.codec.digest.XXHash32;+ is replaced by -;getValue;TRUE
org.apache.commons.codec.digest.XXHash32;* is replaced by /;getValue;TRUE
org.apache.commons.codec.digest.XXHash32;* is replaced by /;getValue;TRUE
org.apache.commons.codec.digest.XXHash32;+ is replaced by -;getValue;TRUE
org.apache.commons.codec.digest.XXHash32;* is replaced by /;getValue;TRUE
org.apache.commons.codec.digest.XXHash32;* is replaced by /;getValue;FALSE
org.apache.commons.codec.digest.XXHash32;* is replaced by /;getValue;FALSE
org.apache.commons.codec.digest.XXHash32;+ is replaced by -;initializeState;FALSE
org.apache.commons.codec.digest.XXHash32;+ is replaced by -;initializeState;FALSE
org.apache.commons.codec.digest.XXHash32;+ is replaced by -;initializeState;FALSE
org.apache.commons.codec.digest.XXHash32;- is replaced by +;initializeState;FALSE
org.apache.commons.codec.digest.XXHash32;* is replaced by /;process;FALSE
org.apache.commons.codec.digest.XXHash32;+ is replaced by -;process;FALSE
org.apache.commons.codec.digest.XXHash32;* is replaced by /;process;FALSE
org.apache.commons.codec.digest.XXHash32;+ is replaced by -;process;FALSE
org.apache.commons.codec.digest.XXHash32;* is replaced by /;process;FALSE
org.apache.commons.codec.digest.XXHash32;+ is replaced by -;process;FALSE
org.apache.commons.codec.digest.XXHash32;* is replaced by /;process;FALSE
org.apache.commons.codec.digest.XXHash32;+ is replaced by -;process;FALSE
org.apache.commons.codec.digest.XXHash32;* is replaced by /;process;FALSE
org.apache.commons.codec.digest.XXHash32;+ is replaced by -;process;FALSE
org.apache.commons.codec.digest.XXHash32;* is replaced by /;process;FALSE
org.apache.commons.codec.digest.XXHash32;+ is replaced by -;process;FALSE
org.apache.commons.codec.digest.XXHash32;* is replaced by /;process;FALSE
org.apache.commons.codec.digest.XXHash32;+ is replaced by -;process;FALSE
org.apache.commons.codec.digest.XXHash32;* is replaced by /;process;FALSE
org.apache.commons.codec.digest.XXHash32;+ is replaced by -;fromLittleEndian;FALSE
org.apache.commons.codec.digest.XXHash32;* is replaced by /;fromLittleEndian;FALSE
org.apache.commons.codec.digest.Md5Crypt;ifneq is replaced by ifeq;apr1Crypt;FALSE
org.apache.commons.codec.digest.Md5Crypt;ifneq is replaced by ifeq;md5Crypt;FALSE
org.apache.commons.codec.digest.Md5Crypt;ifeq is replaced by ifneq;md5Crypt;FALSE
org.apache.commons.codec.digest.Md5Crypt;ifeq is replaced by ifneq;md5Crypt;FALSE
org.apache.commons.codec.digest.Md5Crypt;ifeq is replaced by ifneq;md5Crypt;FALSE
org.apache.commons.codec.digest.Md5Crypt;ifeq is replaced by ifneq;md5Crypt;FALSE
org.apache.commons.codec.digest.UnixCrypt;ifneq is replaced by ifeq;crypt;FALSE
org.apache.commons.codec.digest.UnixCrypt;ifeq is replaced by ifneq;crypt;FALSE
org.apache.commons.codec.digest.UnixCrypt;ifneq is replaced by ifeq;crypt;FALSE
org.apache.commons.codec.digest.UnixCrypt;+ is replaced by -;body;FALSE
org.apache.commons.codec.digest.UnixCrypt;+ is replaced by -;byteToUnsigned;FALSE
org.apache.commons.codec.digest.UnixCrypt;+ is replaced by -;dEncrypt;FALSE
org.apache.commons.codec.digest.UnixCrypt;ifeq is replaced by ifneq;desSetKey;FALSE
org.apache.commons.codec.digest.UnixCrypt;- is replaced by +;hPermOp;FALSE
org.apache.commons.codec.digest.UnixCrypt;- is replaced by +;hPermOp;FALSE
org.apache.commons.codec.binary.Base32;+ is replaced by -;decode;FALSE
org.apache.commons.codec.binary.Base32;+ is replaced by -;decode;FALSE
org.apache.commons.codec.binary.Base32;ifneq is replaced by ifeq;decode;FALSE
org.apache.commons.codec.binary.Base32;+ is replaced by -;decode;FALSE
org.apache.commons.codec.binary.Base32;+ is replaced by -;decode;FALSE
org.apache.commons.codec.binary.Base32;+ is replaced by -;decode;FALSE
org.apache.commons.codec.binary.Base32;+ is replaced by -;decode;FALSE
org.apache.commons.codec.binary.Base32;+ is replaced by -;decode;FALSE
org.apache.commons.codec.binary.Base32;ifeq is replaced by ifneq;decode;FALSE
org.apache.commons.codec.binary.Base32;+ is replaced by -;decode;FALSE
org.apache.commons.codec.binary.Base32;+ is replaced by -;decode;TRUE
org.apache.commons.codec.binary.Base32;+ is replaced by -;decode;FALSE
org.apache.commons.codec.binary.Base32;+ is replaced by -;decode;FALSE
org.apache.commons.codec.binary.Base32;+ is replaced by -;decode;FALSE
org.apache.commons.codec.binary.Base32;+ is replaced by -;decode;FALSE
org.apache.commons.codec.binary.Base32;+ is replaced by -;decode;FALSE
org.apache.commons.codec.binary.Base32;+ is replaced by -;decode;TRUE
org.apache.commons.codec.binary.Base32;+ is replaced by -;decode;TRUE
org.apache.commons.codec.binary.Base32;+ is replaced by -;decode;TRUE
org.apache.commons.codec.binary.Base32;+ is replaced by -;decode;FALSE
org.apache.commons.codec.binary.Base32;+ is replaced by -;decode;FALSE
org.apache.commons.codec.binary.Base32;+ is replaced by -;decode;FALSE
org.apache.commons.codec.binary.Base32;+ is replaced by -;decode;FALSE
org.apache.commons.codec.binary.Base32;ifneq is replaced by ifeq;encode;FALSE
org.apache.commons.codec.binary.Base32;+ is replaced by -;encode;FALSE
org.apache.commons.codec.binary.Base32;+ is replaced by -;encode;FALSE
org.apache.commons.codec.binary.Base32;+ is replaced by -;encode;FALSE
org.apache.commons.codec.binary.Base32;+ is replaced by -;encode;FALSE
org.apache.commons.codec.binary.Base32;+ is replaced by -;encode;FALSE
org.apache.commons.codec.binary.Base32;+ is replaced by -;encode;FALSE
org.apache.commons.codec.binary.Base32;+ is replaced by -;encode;FALSE
org.apache.commons.codec.binary.Base32;+ is replaced by -;encode;FALSE
org.apache.commons.codec.binary.Base32;+ is replaced by -;encode;FALSE
org.apache.commons.codec.binary.Base32;+ is replaced by -;encode;FALSE
org.apache.commons.codec.binary.Base32;+ is replaced by -;encode;FALSE
org.apache.commons.codec.binary.Base32;+ is replaced by -;encode;FALSE
org.apache.commons.codec.binary.Base32;+ is replaced by -;encode;FALSE
org.apache.commons.codec.binary.Base32;+ is replaced by -;encode;FALSE
org.apache.commons.codec.binary.Base32;+ is replaced by -;encode;FALSE
org.apache.commons.codec.binary.Base32;+ is replaced by -;encode;FALSE
org.apache.commons.codec.binary.Base32;+ is replaced by -;encode;FALSE
org.apache.commons.codec.binary.Base32;+ is replaced by -;encode;FALSE
org.apache.commons.codec.binary.Base32;+ is replaced by -;encode;FALSE
org.apache.commons.codec.binary.Base32;+ is replaced by -;encode;FALSE
org.apache.commons.codec.binary.Base32;+ is replaced by -;encode;FALSE
org.apache.commons.codec.binary.Base32;+ is replaced by -;encode;FALSE
org.apache.commons.codec.binary.Base32;+ is replaced by -;encode;FALSE
org.apache.commons.codec.binary.Base32;+ is replaced by -;encode;FALSE
org.apache.commons.codec.binary.Base32;+ is replaced by -;encode;FALSE
org.apache.commons.codec.binary.Base32;+ is replaced by -;encode;FALSE
org.apache.commons.codec.binary.Base32;+ is replaced by -;encode;FALSE
org.apache.commons.codec.binary.Base32;+ is replaced by -;encode;FALSE
org.apache.commons.codec.binary.Base32;+ is replaced by -;encode;FALSE
org.apache.commons.codec.binary.Base32;+ is replaced by -;encode;FALSE
org.apache.commons.codec.binary.Base32;+ is replaced by -;encode;FALSE
org.apache.commons.codec.binary.Base32;+ is replaced by -;encode;FALSE
org.apache.commons.codec.binary.Base32;- is replaced by +;encode;FALSE
org.apache.commons.codec.binary.Base32;+ is replaced by -;encode;FALSE
org.apache.commons.codec.binary.Base32;+ is replaced by -;encode;FALSE
org.apache.commons.codec.binary.Base32;+ is replaced by -;encode;FALSE
org.apache.commons.codec.binary.Base32;+ is replaced by -;encode;FALSE
org.apache.commons.codec.binary.Base32;+ is replaced by -;encode;FALSE
org.apache.commons.codec.binary.Base32;+ is replaced by -;encode;FALSE
org.apache.commons.codec.binary.Base32;+ is replaced by -;encode;FALSE
org.apache.commons.codec.binary.Base32;+ is replaced by -;encode;FALSE
org.apache.commons.codec.binary.Base32;+ is replaced by -;encode;FALSE
org.apache.commons.codec.binary.Base32;+ is replaced by -;encode;FALSE
org.apache.commons.codec.binary.Base32;+ is replaced by -;encode;FALSE
org.apache.commons.codec.binary.Base32;+ is replaced by -;encode;FALSE
org.apache.commons.codec.binary.Base32;+ is replaced by -;encode;FALSE
org.apache.commons.codec.binary.Base32;+ is replaced by -;encode;FALSE
org.apache.commons.codec.binary.Hex;ifeq is replaced by ifneq;decodeHex;FALSE
org.apache.commons.codec.binary.Hex;ifeq is replaced by ifneq;encodeHex;FALSE
org.apache.commons.codec.binary.Hex;ifeq is replaced by ifneq;encodeHex;FALSE
org.apache.commons.codec.binary.Hex;ifeq is replaced by ifneq;decode;FALSE
org.apache.commons.codec.binary.Hex;ifeq is replaced by ifneq;decode;FALSE
org.apache.commons.codec.binary.Hex;ifeq is replaced by ifneq;decode;FALSE
org.apache.commons.codec.binary.Hex;ifeq is replaced by ifneq;encode;FALSE
org.apache.commons.codec.binary.Hex;ifeq is replaced by ifneq;encode;FALSE
org.apache.commons.codec.binary.CharSequenceUtils;ifeq is replaced by ifneq;regionMatches;FALSE
org.apache.commons.codec.binary.CharSequenceUtils;ifeq is replaced by ifneq;regionMatches;FALSE
org.apache.commons.codec.binary.CharSequenceUtils;ifneq is replaced by ifeq;regionMatches;FALSE
org.apache.commons.codec.binary.Base64;ifneq is replaced by ifeq;encode;FALSE
org.apache.commons.codec.binary.Base64;+ is replaced by -;encode;FALSE
org.apache.commons.codec.binary.Base64;+ is replaced by -;encode;FALSE
org.apache.commons.codec.binary.Base64;+ is replaced by -;encode;FALSE
org.apache.commons.codec.binary.Base64;+ is replaced by -;encode;FALSE
org.apache.commons.codec.binary.Base64;+ is replaced by -;encode;FALSE
org.apache.commons.codec.binary.Base64;+ is replaced by -;encode;FALSE
org.apache.commons.codec.binary.Base64;+ is replaced by -;encode;FALSE
org.apache.commons.codec.binary.Base64;+ is replaced by -;encode;FALSE
org.apache.commons.codec.binary.Base64;- is replaced by +;encode;FALSE
org.apache.commons.codec.binary.Base64;+ is replaced by -;encode;FALSE
org.apache.commons.codec.binary.Base64;+ is replaced by -;encode;FALSE
org.apache.commons.codec.binary.Base64;+ is replaced by -;encode;FALSE
org.apache.commons.codec.binary.Base64;+ is replaced by -;encode;FALSE
org.apache.commons.codec.binary.Base64;+ is replaced by -;encode;FALSE
org.apache.commons.codec.binary.Base64;+ is replaced by -;encode;FALSE
org.apache.commons.codec.binary.Base64;+ is replaced by -;encode;FALSE
org.apache.commons.codec.binary.Base64;+ is replaced by -;encode;FALSE
org.apache.commons.codec.binary.Base64;+ is replaced by -;encode;FALSE
org.apache.commons.codec.binary.Base64;+ is replaced by -;encode;FALSE
org.apache.commons.codec.binary.Base64;+ is replaced by -;decode;FALSE
org.apache.commons.codec.binary.Base64;+ is replaced by -;decode;FALSE
org.apache.commons.codec.binary.Base64;ifneq is replaced by ifeq;decode;FALSE
org.apache.commons.codec.binary.Base64;+ is replaced by -;decode;FALSE
org.apache.commons.codec.binary.Base64;+ is replaced by -;decode;FALSE
org.apache.commons.codec.binary.Base64;+ is replaced by -;decode;FALSE
org.apache.commons.codec.binary.Base64;ifeq is replaced by ifneq;decode;FALSE
org.apache.commons.codec.binary.Base64;ifeq is replaced by ifneq;decode;FALSE
org.apache.commons.codec.binary.Base64;+ is replaced by -;decode;FALSE
org.apache.commons.codec.binary.Base64;+ is replaced by -;decode;FALSE
org.apache.commons.codec.binary.Base64;+ is replaced by -;decode;FALSE
org.apache.commons.codec.binary.Base64;ifneq is replaced by ifeq;isBase64;FALSE
org.apache.commons.codec.binary.Base64;ifneq is replaced by ifeq;isBase64;FALSE
org.apache.commons.codec.binary.Base64;ifneq is replaced by ifeq;encodeBase64;FALSE
org.apache.commons.codec.binary.Base64;ifeq is replaced by ifneq;encodeBase64;FALSE
org.apache.commons.codec.binary.Base64;+ is replaced by -;toIntegerBytes;FALSE
org.apache.commons.codec.binary.Base64;ifeq is replaced by ifneq;toIntegerBytes;TRUE
org.apache.commons.codec.binary.Base64;/ is replaced by *;toIntegerBytes;TRUE
org.apache.commons.codec.binary.Base64;+ is replaced by -;toIntegerBytes;TRUE
org.apache.commons.codec.binary.Base64;/ is replaced by *;toIntegerBytes;TRUE
org.apache.commons.codec.binary.Base64;ifneq is replaced by ifeq;toIntegerBytes;FALSE
org.apache.commons.codec.binary.Base64;/ is replaced by *;toIntegerBytes;FALSE
org.apache.commons.codec.binary.Base64;- is replaced by +;toIntegerBytes;FALSE
org.apache.commons.codec.binary.Base64;/ is replaced by *;toIntegerBytes;FALSE
org.apache.commons.codec.binary.BaseNCodec;- is replaced by +;available;FALSE
org.apache.commons.codec.binary.BaseNCodec;* is replaced by /;resizeBuffer;FALSE
org.apache.commons.codec.binary.BaseNCodec;+ is replaced by -;ensureBufferSize;FALSE
org.apache.commons.codec.binary.BaseNCodec;+ is replaced by -;readResults;FALSE
org.apache.commons.codec.binary.BaseNCodec;ifneq is replaced by ifeq;encode;FALSE
org.apache.commons.codec.binary.BaseNCodec;ifeq is replaced by ifneq;decode;FALSE
org.apache.commons.codec.binary.BaseNCodec;ifeq is replaced by ifneq;decode;FALSE
org.apache.commons.codec.binary.BaseNCodec;ifneq is replaced by ifeq;decode;FALSE
org.apache.commons.codec.binary.BaseNCodec;ifneq is replaced by ifeq;encode;FALSE
org.apache.commons.codec.binary.BaseNCodec;ifneq is replaced by ifeq;encode;FALSE
org.apache.commons.codec.binary.BaseNCodec;- is replaced by +;encode;TRUE
org.apache.commons.codec.binary.BaseNCodec;ifneq is replaced by ifeq;isInAlphabet;FALSE
org.apache.commons.codec.binary.BaseNCodec;ifeq is replaced by ifneq;isInAlphabet;FALSE
org.apache.commons.codec.binary.BaseNCodec;ifneq is replaced by ifeq;isInAlphabet;FALSE
org.apache.commons.codec.binary.BaseNCodec;ifeq is replaced by ifneq;containsAlphabetOrPad;FALSE
org.apache.commons.codec.binary.BaseNCodec;+ is replaced by -;getEncodedLength;FALSE
org.apache.commons.codec.binary.BaseNCodec;- is replaced by +;getEncodedLength;FALSE
org.apache.commons.codec.binary.BaseNCodec;/ is replaced by *;getEncodedLength;FALSE
org.apache.commons.codec.binary.BaseNCodec;* is replaced by /;getEncodedLength;FALSE
org.apache.commons.codec.binary.BaseNCodec;+ is replaced by -;getEncodedLength;FALSE
org.apache.commons.codec.binary.BaseNCodec;- is replaced by +;getEncodedLength;FALSE
org.apache.commons.codec.binary.BaseNCodec;/ is replaced by *;getEncodedLength;FALSE
org.apache.commons.codec.binary.BaseNCodec;* is replaced by /;getEncodedLength;FALSE
org.apache.commons.codec.binary.BaseNCodec;+ is replaced by -;getEncodedLength;FALSE
org.apache.commons.codec.binary.BaseNCodecInputStream;ifeq is replaced by ifneq;available;FALSE
org.apache.commons.codec.binary.BaseNCodecInputStream;+ is replaced by -;read;FALSE
org.apache.commons.codec.binary.BaseNCodecInputStream;+ is replaced by -;read;TRUE
org.apache.commons.codec.binary.BaseNCodecInputStream;ifeq is replaced by ifneq;read;TRUE
org.apache.commons.codec.binary.BaseNCodecInputStream;ifeq is replaced by ifneq;read;FALSE
org.apache.commons.codec.binary.BaseNCodecInputStream;- is replaced by +;skip;FALSE
org.apache.commons.codec.binary.BaseNCodecInputStream;- is replaced by +;skip;FALSE
org.apache.commons.codec.binary.StringUtils;ifeq is replaced by ifneq;equals;TRUE
org.apache.commons.codec.binary.StringUtils;ifeq is replaced by ifneq;equals;FALSE
org.apache.commons.codec.binary.StringUtils;ifeq is replaced by ifneq;equals;FALSE
org.apache.commons.codec.binary.BinaryCodec;ifneq is replaced by ifeq;encode;FALSE
org.apache.commons.codec.binary.BinaryCodec;ifeq is replaced by ifneq;decode;FALSE
org.apache.commons.codec.binary.BinaryCodec;ifeq is replaced by ifneq;decode;FALSE
org.apache.commons.codec.binary.BinaryCodec;ifeq is replaced by ifneq;decode;FALSE
org.apache.commons.codec.binary.BinaryCodec;ifneq is replaced by ifeq;fromAscii;FALSE
org.apache.commons.codec.binary.BinaryCodec;- is replaced by +;fromAscii;FALSE
org.apache.commons.codec.binary.BinaryCodec;- is replaced by +;fromAscii;FALSE
org.apache.commons.codec.binary.BinaryCodec;ifeq is replaced by ifneq;fromAscii;FALSE
org.apache.commons.codec.binary.BinaryCodec;- is replaced by +;fromAscii;FALSE
org.apache.commons.codec.binary.BinaryCodec;- is replaced by +;fromAscii;FALSE
org.apache.commons.codec.binary.BinaryCodec;ifneq is replaced by ifeq;isEmpty;FALSE
org.apache.commons.codec.binary.BinaryCodec;ifeq is replaced by ifneq;toAsciiBytes;FALSE
org.apache.commons.codec.binary.BinaryCodec;- is replaced by +;toAsciiBytes;FALSE
org.apache.commons.codec.binary.BinaryCodec;ifneq is replaced by ifeq;toAsciiBytes;FALSE
org.apache.commons.codec.binary.BinaryCodec;- is replaced by +;toAsciiBytes;FALSE
org.apache.commons.codec.binary.BinaryCodec;- is replaced by +;toAsciiBytes;FALSE
org.apache.commons.codec.binary.BinaryCodec;ifeq is replaced by ifneq;toAsciiChars;FALSE
org.apache.commons.codec.binary.BinaryCodec;- is replaced by +;toAsciiChars;FALSE
org.apache.commons.codec.binary.BinaryCodec;ifneq is replaced by ifeq;toAsciiChars;FALSE
org.apache.commons.codec.binary.BinaryCodec;- is replaced by +;toAsciiChars;FALSE
org.apache.commons.codec.binary.BinaryCodec;- is replaced by +;toAsciiChars;FALSE
org.apache.commons.codec.binary.BaseNCodecOutputStream;+ is replaced by -;write;TRUE
org.apache.commons.codec.binary.BaseNCodecOutputStream;ifeq is replaced by ifneq;write;FALSE
org.apache.commons.codec.binary.BaseNCodecOutputStream;ifeq is replaced by ifneq;flush;TRUE
org.apache.commons.codec.binary.BaseNCodecOutputStream;ifeq is replaced by ifneq;eof;FALSE
